entered_prolific_id,real_prolific_id
5df1117111d87901d,5df1117111d87901da0dbc3c
5f2dea0c9490d914000b,5f2dea0c9490d914000bbf6d
5a67979f31b87a0001c73bc,5a67979f31b87a0001c73bc5
60cd16e63d3924958e8d3d43,60cd16e63d3924958e8d3d43
5ea9916c3b32cf0dda50f621,5ea9916c3b32cf0dda50f621
5e380457679e67000c56b02f,5e380457679e67000c56b02f
5ec3bcec194de722b74d9533,5ec3bcec194de722b74d9533
5f3172eea47594017768b6f5,5f3172eea47594017768b6f5
5faeae113cee450a0e2aac47,5faeae113cee450a0e2aac47
6010571dc1152033ac3bc4ca,6010571dc1152033ac3bc4ca
5f81fa943c25342f1185fd96,5f81fa943c25342f1185fd96
5f58bd5274dddc044042e001,5f58bd5274dddc044042e001
6296206e6570754a85abbd61,6296206e6570754a85abbd61
60e69b85a707ad939f1dde11,60e69b85a707ad939f1dde11
5d891e6c58e42400182bca83,5d891e6c58e42400182bca83
5fb4591af19816112a9ff130,5fb4591af19816112a9ff130
5d59a9d909f4300001de0c3b,5d59a9d909f4300001de0c3b
5f75d01a857e4e27a575f7ca,5f75d01a857e4e27a575f7ca
5ff703cfaee4a330356bc5b4,5ff703cfaee4a330356bc5b4
5eaafded3bb47c09107ec0e2,5eaafded3bb47c09107ec0e2
5cc0a14148278000164ad1b2,5cc0a14148278000164ad1b2
5f50db296d9ce726e639d020,5f50db296d9ce726e639d020
5fdb6deeb6ce936b64abd717,5fdb6deeb6ce936b64abd717
5f788805d6756f41ee263dfa,5f788805d6756f41ee263dfa
5d540d437fd09d0017eda495,5d540d437fd09d0017eda495
5ec390e91c38ea1e1a06c7bb,5ec390e91c38ea1e1a06c7bb
5f3575a9994ab95447c9b16a,5f3575a9994ab95447c9b16a
56f597c5736c79000b228052,56f597c5736c79000b228052
5e2f5d67028f41527321f838,5e2f5d67028f41527321f838
6006cf1238099707863fc7b4,6006cf1238099707863fc7b4
5b369180fbc98a0001a93ed0,5b369180fbc98a0001a93ed0
5d6e98aecfb3800017bd7f87,5d6e98aecfb3800017bd7f87
5ffcd1eacfbe9e161495d884,5ffcd1eacfbe9e161495d884
5d83aa65c5cf93000198c68c,5d83aa65c5cf93000198c68c
5ff866b014e42704466f8ec5,5ff866b014e42704466f8ec5
5fa89ac0ca5626772b0d5fe6,5fa89ac0ca5626772b0d5fe6
5ddd802af85b50cfcb01978e,5ddd802af85b50cfcb01978e
5e25f47427b78983dc68a86a,5e25f47427b78983dc68a86a
5f465afff2f28602c7ea8c10,5f465afff2f28602c7ea8c10
5f3d51a2010cab0be4d6e002,5f3d51a2010cab0be4d6e002
5c7ceda01d2afc0001f4ad1d,5c7ceda01d2afc0001f4ad1d
5a46d551b77a5000014a8ce9,5a46d551b77a5000014a8ce9
5eb14b3c30bd5922f1fcc4f2,5eb14b3c30bd5922f1fcc4f2
5ecedce7a487421459510f51,5ecedce7a487421459510f51
5e2e0e313a93113f94a58d9c,5e2e0e313a93113f94a58d9c
562a00dac8ffc20012513fbe,562a00dac8ffc20012513fbe
5f9af30ff0ece8119745b326,5f9af30ff0ece8119745b326
5ecac697f9abb5240d3468d4,5ecac697f9abb5240d3468d4
5e662e0f4184583a3d87eb31,5e662e0f4184583a3d87eb31
5fd900e68561203507511b7a,5fd900e68561203507511b7a
5f8ef1efed20570b76a8de8c,5f8ef1efed20570b76a8de8c
5fff11332f30d263176fa57f,5fff11332f30d263176fa57f
5b01e69aa496b300013d5b9b,5b01e69aa496b300013d5b9b
5f27ecc84fd32703e23366f5,5f27ecc84fd32703e23366f5
5bce0de5ac83310001b93d17,5bce0de5ac83310001b93d17
5b1aa0433e5521000120f7a8,5b1aa0433e5521000120f7a8
5eaadc0a7adeb404eea9c3c0,5eaadc0a7adeb404eea9c3c0
5e011b217605fecf9fa3d26d,5e011b217605fecf9fa3d26d
5c6ae3ea5416680001befede,5c6ae3ea5416680001befede
5dbd96bc80dbee2c71a8c9d6,5dbd96bc80dbee2c71a8c9d6
5f3013e31c8a690aacb02c31,5f3013e31c8a690aacb02c31
5f0d87c546eefe02a4733c5b,5f0d87c546eefe02a4733c5b
5f333aa3b389001536f1df07,5f333aa3b389001536f1df07
60006a6a784be00d525ad974,60006a6a784be00d525ad974
5d8cef3c28e183001a335ab0,5d8cef3c28e183001a335ab0
5f11ac129e9bae048584e875,5f11ac129e9bae048584e875
5cfd555a50597d0016e8f2e0,5cfd555a50597d0016e8f2e0
5f94015e5939601dd9dc6c49,5f94015e5939601dd9dc6c49
5718a9c4dd9ef10013df01f0,5718a9c4dd9ef10013df01f0
5ec54a7637927134ac7d3dc3,5ec54a7637927134ac7d3dc3
5eea2d0870d5130538aa170a,5eea2d0870d5130538aa170a
5f7ebad5cf009c196fd54b2b,5f7ebad5cf009c196fd54b2b
5ff77a40326eb6444a1b925e,5ff77a40326eb6444a1b925e
5a55c8d276d1c60001aadcb0,5a55c8d276d1c60001aadcb0
5f24348aaf4d9b0144933300,5f24348aaf4d9b0144933300
5f1387ad7dc2bb38b8eecb04,5f1387ad7dc2bb38b8eecb04
5f63505cdfc6934188269b3d,5f63505cdfc6934188269b3d
5c296b31e9b1b20001b8ac77,5c296b31e9b1b20001b8ac77
5fd627832d643f4cb9190fa7,5fd627832d643f4cb9190fa7
5d8215fcaa127000154632c5,5d8215fcaa127000154632c5
59c6c7e54374e1000125c5df,59c6c7e54374e1000125c5df
5ff8d29682b5cd18838085c9,5ff8d29682b5cd18838085c9
5fbe75052ab4f301e6d13333,5fbe75052ab4f301e6d13333
59be90270ac77f0001f059e6,59be90270ac77f0001f059e6
5dae075e4260be00140c9dce,5dae075e4260be00140c9dce
5b126ec7c85dc400016220a4,5b126ec7c85dc400016220a4
5c8ba607c5366c0001d022cb,5c8ba607c5366c0001d022cb
5fafdefb35f42e2c00093fbe,5fafdefb35f42e2c00093fbe
5f4fc1c88c2b9c0c47275905,5f4fc1c88c2b9c0c47275905
5de393403fa67039b647f42c,5de393403fa67039b647f42c
5f67377af1af6f32004161cd,5f67377af1af6f32004161cd
5ff47c8b173bfb6779d53168,5ff47c8b173bfb6779d53168
5f5161dc26475e3911c6a270,5f5161dc26475e3911c6a270
60057cf25439a47ac02192af,60057cf25439a47ac02192af
5d9b55b519e9b6001550cf9f,5d9b55b519e9b6001550cf9f
5f9a81bdf0617319407b124c,5f9a81bdf0617319407b124c
5efa973f26639c1b2e715fe6,5efa973f26639c1b2e715fe6
5f556bd88eeab9153cd176de,5f556bd88eeab9153cd176de
57b0ea94cbe601000137716a,57b0ea94cbe601000137716a
5de3e7abb97a883ddfaaae4c,5de3e7abb97a883ddfaaae4c
5f163655f1636568f0a801a5647483668f0a8,5f1636568f0a801a56474836
5fb3eac8b39b0a0008124fd8,5fb3eac8b39b0a0008124fd8
5e9631ad46d0e20b50650a6a,5e9631ad46d0e20b50650a6a
5e7d790c0d34ae3fef75c74e,5e7d790c0d34ae3fef75c74e
5bcb88a8c885fd000145dfa5,5bcb88a8c885fd000145dfa5
5fff562045ca0505b01ecf83,5fff562045ca0505b01ecf83
5f5a12160fb28e0590441a00,5f5a12160fb28e0590441a00
598c4b28cceb0f0001b39675,598c4b28cceb0f0001b39675
5e426dfbc3e7db0fed70339b,5e426dfbc3e7db0fed70339b
5fc6b467ec2f6c01711a87c0,5fc6b467ec2f6c01711a87c0
5fdcb2b7c39215269cd94a10,5fdcb2b7c39215269cd94a10
5fe368ef15b59bf8dc1c7e7e,5fe368ef15b59bf8dc1c7e7e
5f0a28e0e1b5f82f4f219fb3,5f0a28e0e1b5f82f4f219fb3
5f2ae06b3c4c0440bed77c86,5f2ae06b3c4c0440bed77c86
5bec4ebcf2dba6000166d420,5bec4ebcf2dba6000166d420
5d68c8aa40524c00189e8ac2,5d68c8aa40524c00189e8ac2
5e649eb4666c4a22594d22ca,5e649eb4666c4a22594d22ca
5ea846a673b05225f050ff15,5ea846a673b05225f050ff15
5ee379c2c1832e050bac5c14,5ee379c2c1832e050bac5c14
5efdf9e305e06928e1996ad9,5efdf9e305e06928e1996ad9
53617d89fdf99b715bb0e2a8,53617d89fdf99b715bb0e2a8
5f1cbf123edc815835b404a0,5f1cbf123edc815835b404a0
5dbeee17e8702f3907781ecf,5dbeee17e8702f3907781ecf
5fcbbdea2edd7a19c9536983,5fcbbdea2edd7a19c9536983
5f7dacf490ed75077772ac5b,5f7dacf490ed75077772ac5b
5f2a94aba340af2e4dab2910,5f2a94aba340af2e4dab2910
5fe17809e9df3d40704848a0,5fe17809e9df3d40704848a0
5fd4d57f62a68127c8ed21b6,5fd4d57f62a68127c8ed21b6
5de54842a7cb240cb3c34933,5de54842a7cb240cb3c34933
5cc5ce5bbad2c800158b12aa,5cc5ce5bbad2c800158b12aa
57312a97070de6000842c77e,57312a97070de6000842c77e
5f903ace3e172508575e9444,5f903ace3e172508575e9444
5918a03738cc6d0001a4bde7,5918a03738cc6d0001a4bde7
5f37c53348a8bd2620f46eac,5f37c53348a8bd2620f46eac
5ff5bb48d5173605aa4e00b1,5ff5bb48d5173605aa4e00b1
5c3ccb06337ac90001a4a9a0,5c3ccb06337ac90001a4a9a0
5f4697ecad5ee602362af721,5f4697ecad5ee602362af721
5c858149bc64870012babfe3,5c858149bc64870012babfe3
5fc00a11268eb941e7d8b066,5fc00a11268eb941e7d8b066
5efcdd69bc3f200f658c170c,5efcdd69bc3f200f658c170c
5e9ffaf7e9ea4e000b76917c,5e9ffaf7e9ea4e000b76917c
5ff710f366c8103139f19489,5ff710f366c8103139f19489
5f9b0a89d54fa92cb708c212,5f9b0a89d54fa92cb708c212
5f64c59d131b5403982c7d89,5f64c59d131b5403982c7d89
5f4c2666459811846b9b9763,5f4c2666459811846b9b9763
5f25f878b35a042f630d207f,5f25f878b35a042f630d207f
5f6cc4a84b851e0bb2028bb9,5f6cc4a84b851e0bb2028bb9
5eaecb0824839e59ed3523eb,5eaecb0824839e59ed3523eb
5f16fde210d37701904c9dc2,5f16fde210d37701904c9dc2
5f528670d408d555b7729e22,5f528670d408d555b7729e22
5eec86e9d3eb82018755e3f5,5eec86e9d3eb82018755e3f5
5ba89b1b4a16920001d4582b,5ba89b1b4a16920001d4582b
5d6efaf57e41e600016209b4,5d6efaf57e41e600016209b4
5f561a95aa1c4ea13672f138,5f561a95aa1c4ea13672f138
5ec28db2622c500632dc95bc,5ec28db2622c500632dc95bc
5fcfa3168335430d143b4431,5fcfa3168335430d143b4431
5f2075147b2ccb1408401905,5f2075147b2ccb1408401905
5f3ec6221b5af3158bc86acd,5f3ec6221b5af3158bc86acd
59e8c8af71734300015ca0a9,59e8c8af71734300015ca0a9
5f9b28cdd59a8e3148572a38,5f9b28cdd59a8e3148572a38
5edec2b3e095321650bddc22,5edec2b3e095321650bddc22
5f2e0467f90f86167ed3b6e0,5f2e0467f90f86167ed3b6e0
5c1575e62a407b0001ff2a4c,5c1575e62a407b0001ff2a4c
5e7987df47422a5443426cd7,5e7987df47422a5443426cd7
5fea380c6d65c5a2c35295c7,5fea380c6d65c5a2c35295c7
5f4eabfe4184f70d6428afdc,5f4eabfe4184f70d6428afdc
5ee7a8ab87d5560568bc2dca,5ee7a8ab87d5560568bc2dca
5fa2b0b5a0ba5e4c859ec520,5fa2b0b5a0ba5e4c859ec520
5ebe6dacb790b80008679d0e,5ebe6dacb790b80008679d0e
5799232b900cc80001d2f363,5799232b900cc80001d2f363
5f7735ba0b8f6221c5c2995f,5f7735ba0b8f6221c5c2995f
5f9af2b59663012971efbc9f,5f9af2b59663012971efbc9f
5f347f7a0bfd1e3a18693ec3,5f347f7a0bfd1e3a18693ec3
5f4f6ed945ffaa011f35fb88,5f4f6ed945ffaa011f35fb88
5f68bf39f5d6dd0228a7016d,5f68bf39f5d6dd0228a7016d
5f0af37b45d0c43befc406ee,5f0af37b45d0c43befc406ee
5f0f59f3bc44f50f92845a05,5f0f59f3bc44f50f92845a05
5eb3d22ffa15221c2e0117c5,5eb3d22ffa15221c2e0117c5
5a888cf78fe2dc0001061a09,5a888cf78fe2dc0001061a09
5dbb0562b1df1b110ead5bba,5dbb0562b1df1b110ead5bba
5f85ca08d15244090ce2fc07,5f85ca08d15244090ce2fc07
5fbfffc4e214a60ab1b745fd,5fbfffc4e214a60ab1b745fd
5ecbd93498740b393711d15e,5ecbd93498740b393711d15e
5eb05ee34ca8a81042c289ab,5eb05ee34ca8a81042c289ab
5fc3786339c5f2192e8c5fc3786339c5f2192e8c129c,5fc3786339c5f2192e8c129c
5eca6060350b940124f94980,5eca6060350b940124f94980
5f318dce91e0f4061d30b9aa,5f318dce91e0f4061d30b9aa
5ee653aeb8f95201239e4ae3,5ee653aeb8f95201239e4ae3
5ff9e6c84562ef3316d8b3cc,5ff9e6c84562ef3316d8b3cc
5f1ffd84321e4e25c1de77de,5f1ffd84321e4e25c1de77de
5fad6b48cbd64609194b2f2c,5fad6b48cbd64609194b2f2c
5abc11e6e1099600016a3097,5abc11e6e1099600016a3097
5ec120a9b585e03ee3b1ff4c,5ec120a9b585e03ee3b1ff4c
5f73622c7826860647aec869,5f73622c7826860647aec869
5fa3f95e37e424055200c834,5fa3f95e37e424055200c834
5f4353966486995aadc7f6a3,5f4353966486995aadc7f6a3
5e677bbfdc6af10170344873,5e677bbfdc6af10170344873
600729dd8e95241acb3ce2a1,600729dd8e95241acb3ce2a1
5ff0f2aed4f1e4035040188a,5ff0f2aed4f1e4035040188a
5f88a0acf001bb06cdf50449,5f88a0acf001bb06cdf50449
5ee6522a40e0190861f8d08c,5ee6522a40e0190861f8d08c
5f7959d0b6791155e6932dd1,5f7959d0b6791155e6932dd1
5f2ece203d736d27675d9496,5f2ece203d736d27675d9496
5cc5c6dbe0df3f00121404c0,5cc5c6dbe0df3f00121404c0
5fc247fe96c1253b2350ed9e,5fc247fe96c1253b2350ed9e
5fb02a20b87dfd39e3e969e3,5fb02a20b87dfd39e3e969e3
6008adf18e9524532e2fa6ee,6008adf18e9524532e2fa6ee
5f2868e5c173e511fdce4bd0,5f2868e5c173e511fdce4bd0
5e9629228a7eb70aaf79c1aa,5e9629228a7eb70aaf79c1aa
5f6b8c1f5622370b0c94d597,5f6b8c1f5622370b0c94d597
5e6bc85f8808e617fa74464d,5e6bc85f8808e617fa74464d
5f58e8f22846f809fda94bda,5f58e8f22846f809fda94bda
5e4abb57efda1d000da4b483,5e4abb57efda1d000da4b483
561ec90aed6e5a000fc7e8d3,561ec90aed6e5a000fc7e8d3
6001718a9125cb02cdaf26a1,6001718a9125cb02cdaf26a1
5c6604b5d97f440001bdbd93,5c6604b5d97f440001bdbd93
5f32c9098a709304fd5b3a3f,5f32c9098a709304fd5b3a3f
5f4e38891c7d04b33027d354,5f4e38891c7d04b33027d354
5fd93a1e8950531f9a92074d,5fd93a1e8950531f9a92074d
5dbc4daee5b13d1f2d4577d0,5dbc4daee5b13d1f2d4577d0
5d7978a501a3bf00172a9053,5d7978a501a3bf00172a9053
5f11a5888f681003ccf1d378,5f11a5888f681003ccf1d378
5e57c18029f27d16b0a9891d,5e57c18029f27d16b0a9891d
5fd9e325b6b31a523118886c,5fd9e325b6b31a523118886c
5ebc466264fea60774387e75,5ebc466264fea60774387e75
5a88863f5292b80001231680,5a88863f5292b80001231680
5ee0ba22de2a9d40ddfea1d8,5ee0ba22de2a9d40ddfea1d8
5f32de1ebd944907faf937f4,5f32de1ebd944907faf937f4
5f12178ab3ab9d046595ce66,5f12178ab3ab9d046595ce66
56f92b84895094000b8f485a,56f92b84895094000b8f485a
5ffc4646cecb15016da849e5ffc4646cecb15016da849e5,5ffc4646cecb15016da849e5
60042831f0b701235f13a2b7,60042831f0b701235f13a2b7
5f5573ac6ef59e93e519155b,5f5573ac6ef59e93e519155b
5ed9f7644268815ab105f017,5ed9f7644268815ab105f017
5ed0f6709bf40e000cafc985,5ed0f6709bf40e000cafc985
6006ad91a5a25c0265ec908c,6006ad91a5a25c0265ec908c
5ec448ebd0620a3257855a11,5ec448ebd0620a3257855a11
5b9ca13a06114100010699b8,5b9ca13a06114100010699b8
5f1efa006ba46a05e161bc68,5f1efa006ba46a05e161bc68
5d827bd96efc890015d84819,5d827bd96efc890015d84819
6008142745629636c4c7b4d6,6008142745629636c4c7b4d6
6008129a63c3963557595373,6008129a63c3963557595373
5b1efc25bdf4e1000163af46,5b1efc25bdf4e1000163af46
5e8498852c382404244ba366,5e8498852c382404244ba366
5975b75a2356570001085d0c,5975b75a2356570001085d0c
5eb9b011e926960deb4d6d91,5eb9b011e926960deb4d6d91
5e25eda9b0285782386943ed,5e25eda9b0285782386943ed
5ebeeee819e5db2afa954e4d,5ebeeee819e5db2afa954e4d
6001b06307eaeb0c40fbfe11,6001b06307eaeb0c40fbfe11
5efbc3a84e1b6416ad27a3ec,5efbc3a84e1b6416ad27a3ec
5ef1bf65b681b07df6e7ef80,5ef1bf65b681b07df6e7ef80
5ec267e5d4cb3e02f37e3ea0,5ec267e5d4cb3e02f37e3ea0
5e4c2d3755eaed083bcc5b5b,5e4c2d3755eaed083bcc5b5b
5f0f7fe1d7ad1c000b42d091,5f0f7fe1d7ad1c000b42d091
5efa6536c4576a8b46e9a22c,5efa6536c4576a8b46e9a22c
5f697fe189c1961744b684ae,5f697fe189c1961744b684ae
5f61e6998ee2cb18c229f328,5f61e6998ee2cb18c229f328
5f00d65cb69f9e20f144e404,5f00d65cb69f9e20f144e404
5fd126635bdf8f092278bdcf,5fd126635bdf8f092278bdcf
5cbb387c402e810001e9c77a,5cbb387c402e810001e9c77a
5eee572931f6fe2e67625ed1,5eee572931f6fe2e67625ed1
57efd8681ccf26000155d464,57efd8681ccf26000155d464
5f1729711e2e9503ef512ab3,5f1729711e2e9503ef512ab3
5f5ca0c34cddcc487293982d,5f5ca0c34cddcc487293982d
5d549deaec261c001a88748f,5d549deaec261c001a88748f
5eb93b3dc129400009619cb6,5eb93b3dc129400009619cb6
5ca55540cc8b7e0001b8691b,5ca55540cc8b7e0001b8691b
5f7dbb807ea69c017880bfb0,5f7dbb807ea69c017880bfb0
5fa43bb9a1da9605a34dcc0d,5fa43bb9a1da9605a34dcc0d
5f7c36577faf1c01b71e2472,5f7c36577faf1c01b71e2472
5cba07940e801000139d940d,5cba07940e801000139d940d
5edcea8b73beeb9b0a9d18c9,5edcea8b73beeb9b0a9d18c9
5e32b953ce5a7228037db917,5e32b953ce5a7228037db917
590631532be8190001606e5f,590631532be8190001606e5f
5fcd1c5584c8d416c797d96a,5fcd1c5584c8d416c797d96a
5ed4f5f7a2b9f402d3898223,5ed4f5f7a2b9f402d3898223
5e53277e2ca8273501f987f6,5e53277e2ca8273501f987f6
5fafe2ae6562cd2d51ebf37c,5fafe2ae6562cd2d51ebf37c
5f91c0446e3814074c6205c7,5f91c0446e3814074c6205c7
5b25740da7cee100011d884b,5b25740da7cee100011d884b
5cc08cd1ebb02c00191ac4a5,5cc08cd1ebb02c00191ac4a5
59b70c4e7547b100012d6d4259b70c4e7547b100012d6d42,59b70c4e7547b100012d6d42
5e68deb2ad1e7417d3ab01b8,5e68deb2ad1e7417d3ab01b8
5d52c9a1954940001995c26a,5d52c9a1954940001995c26a
5f33ff8e16dac32741bf2b90,5f33ff8e16dac32741bf2b90
5d516ddd4d26a00019c6eda5,5d516ddd4d26a00019c6eda5
5e6a7e744ecdc603867d7a54,5e6a7e744ecdc603867d7a54
5f04a186f96ca90d8da8a15b,5f04a186f96ca90d8da8a15b
5eed229c7c5a171282476bb8,5eed229c7c5a171282476bb8
5dadad26b229bf00169cb552,5dadad26b229bf00169cb552
5ea9a41b87b4150bf9634637,5ea9a41b87b4150bf9634637
5bd7261275e58200018b020c,5bd7261275e58200018b020c
5def9b0387ca66000c862e36,5def9b0387ca66000c862e36
5ea958c3398cc30490eb503b,5ea958c3398cc30490eb503b
5fef124751f3a920f3d216b8,5fef124751f3a920f3d216b8
5ec006506c113a40ec9e92ee,5ec006506c113a40ec9e92ee
5ea990b19e16b70b2c85bd55,5ea990b19e16b70b2c85bd55
5f2c71bb9ffcfb02e33e5ed0,5f2c71bb9ffcfb02e33e5ed0
5eb179d6d6fcb726f9275f97,5eb179d6d6fcb726f9275f97
5f2bcbc32f987467d6b45807,5f2bcbc32f987467d6b45807
5ee22e83012a2167fefc71cd,5ee22e83012a2167fefc71cd
5b4859eccacaf400012df606,5b4859eccacaf400012df606
5f30a9564fd82151b7c8f3d9,5f30a9564fd82151b7c8f3d9
5969391939535100015f3241,5969391939535100015f3241
5d947805a5e3a500166fb389,5d947805a5e3a500166fb389
5ed8be74a4175a01156004b5ed8be74a4175a01156004b0,5ed8be74a4175a01156004b0
5f69c065ea82f50165c89796,5f69c065ea82f50165c89796
5f0a5e89cd2a9f3283970e5f,5f0a5e89cd2a9f3283970e5f
5efde724d80f81077c0800b9,5efde724d80f81077c0800b9
5de82b76996ad108416bb0cf,5de82b76996ad108416bb0cf
5f735332a9a50404e38841bf,5f735332a9a50404e38841bf
5fd372b50f0d870555def32c,5fd372b50f0d870555def32c
5fca68f89d171e00088e4cd8,5fca68f89d171e00088e4cd8
5f5a0782d66aea0433e543ed,5f5a0782d66aea0433e543ed
5fdbc3d733528a08fdb7cc57,5fdbc3d733528a08fdb7cc57
5d920df12b679a00182bbc73,5d920df12b679a00182bbc73
5f40ed58fceca2234d44f3bf,5f40ed58fceca2234d44f3bf
5e96d12c9bf3f115b43835a4,5e96d12c9bf3f115b43835a4
5f591a5a9a49e211efead835,5f591a5a9a49e211efead835
5c6c08c5d9c1580001ce9aab,5c6c08c5d9c1580001ce9aab
5f7bb399add7131a9214c80d,5f7bb399add7131a9214c80d
5d776e218a8d1d00166d36a6,5d776e218a8d1d00166d36a6
5edbe8bede51ce095464a4a6,5edbe8bede51ce095464a4a6
5eaf1c2d3ae57560df5f01a0,5eaf1c2d3ae57560df5f01a0
5de3c83c2033793be6591e53,5de3c83c2033793be6591e53
5ed2817f4bcc7a0669448e44,5ed2817f4bcc7a0669448e44
5e9ab345cb12c11512de00d8,5e9ab345cb12c11512de00d8
5ef4860d22eb1d04bbcd9586,5ef4860d22eb1d04bbcd9586
5f9c0873f6294202a1688b57,5f9c0873f6294202a1688b57
5e5ad8d315b8d42db10b84ce,5e5ad8d315b8d42db10b84ce
572f526c3c27e7000e0b8aaa,572f526c3c27e7000e0b8aaa
5af9969a46f0040001e34736,5af9969a46f0040001e34736
5e08ec3ad52c7b1edf9a4ecd,5e08ec3ad52c7b1edf9a4ecd
5ef36a78ee14310baa87bcc0,5ef36a78ee14310baa87bcc0
5c2fd84e2c45d400014ae7b9,5c2fd84e2c45d400014ae7b9
5de016f1a63c7b0947c54c6b,5de016f1a63c7b0947c54c6b
5b27a2477f78160001464118,5b27a2477f78160001464118
5fecd6c1bb7b299f28b60234,5fecd6c1bb7b299f28b60234
5f3a904fe3bf586b132f5616,5f3a904fe3bf586b132f5616
5f4fb19762b1840a152d9b6d,5f4fb19762b1840a152d9b6d
5d0114857be13b0016e991c3,5d0114857be13b0016e991c3
5f02bbeb5ac5f8432d35fddd,5f02bbeb5ac5f8432d35fddd
5f7c7530b5861b0913688a6c,5f7c7530b5861b0913688a6c
5e99cf5b6b2d720364b92162,5e99cf5b6b2d720364b92162
5fe5335e6576592efcf7e381,5fe5335e6576592efcf7e381
5fe9adc1416cba412c20bd4a,5fe9adc1416cba412c20bd4a
5ea9c475ec2b531108f86a3f,5ea9c475ec2b531108f86a3f
5fa2a232f1845e4a360e75ab,5fa2a232f1845e4a360e75ab
5e26052bdac57484bff2bfe6,5e26052bdac57484bff2bfe6
5f9893a91273a51968c3cf9c,5f9893a91273a51968c3cf9c
5c5f29a78da44c00015c7d5c,5c5f29a78da44c00015c7d5c
5f4e79fc592a74059a7a9786,5f4e79fc592a74059a7a9786
5f51119bc8cfea2d859ed1b7,5f51119bc8cfea2d859ed1b7
5f2ad259fcefd53b7e09cebf,5f2ad259fcefd53b7e09cebf
5f75b5d059b8cb24aa22cc6f,5f75b5d059b8cb24aa22cc6f
5f0f2ff0762218000970c967,5f0f2ff0762218000970c967
5c4f5967aac8be0001716a65,5c4f5967aac8be0001716a65
5f40c670f10f171ff50afe48,5f40c670f10f171ff50afe48
5d869d0f2393700001ef8039,5d869d0f2393700001ef8039
5fbcf90b5fccf8000b3d581b,5fbcf90b5fccf8000b3d581b
5dc75c757d73505457af3314,5dc75c757d73505457af3314
5b9aed646a11180001a8082e,5b9aed646a11180001a8082e
5e3056fa23a9e80286bbb370,5e3056fa23a9e80286bbb370
5fec9b91069e3bdd44640857,5fec9b91069e3bdd44640857
5ef1bb10c673fd7d2d14e439,5ef1bb10c673fd7d2d14e439
5d054940e541d30017719b0a,5d054940e541d30017719b0a
5ef089044e663d0ac00def4b,5ef089044e663d0ac00def4b
5e53a7b4d9a7ea3a2b062da0,5e53a7b4d9a7ea3a2b062da0
5ee0c0db00d6ec42013052f2,5ee0c0db00d6ec42013052f2
5fc7affeee0fb001e857b6b1,5fc7affeee0fb001e857b6b1
5f78b0e3b43f410c88d3af45,5f78b0e3b43f410c88d3af45
5ee9c1405f0f48365179916d,5ee9c1405f0f48365179916d
5eaebd6429cb5202dcb326ea,5eaebd6429cb5202dcb326ea
5f7f3553c5b05508f40e7d9a,5f7f3553c5b05508f40e7d9a
5f48cdc990753303812ff6fd,5f48cdc990753303812ff6fd
5fc686a087b4b202dac2b05d,5fc686a087b4b202dac2b05d
5bcfde8c8301810001a33bea,5bcfde8c8301810001a33bea
5faff8d93849f12f7e013042,5faff8d93849f12f7e013042
5e792b54ede26d0bc3d47d12,5e792b54ede26d0bc3d47d12
5f59ea191a6180011ed70ef8,5f59ea191a6180011ed70ef8
5ef9be1c61ecb401ef5be7b4,5ef9be1c61ecb401ef5be7b4
5f04d0572128737a2fda3ce3,5f04d0572128737a2fda3ce3
5e7a6a8a26ed71048a078cc2,5e7a6a8a26ed71048a078cc2
5f96f60848915003ba0e1ee7,5f96f60848915003ba0e1ee7
5e80820ac49a6c75b9893b7e,5e80820ac49a6c75b9893b7e
5f5c79a330ec6f471bac45dc,5f5c79a330ec6f471bac45dc
5c92cc7915223f0001b8ef5f,5c92cc7915223f0001b8ef5f
5f181092bc89f00dc2e577a2,5f181092bc89f00dc2e577a2
5f576a1c7f35351f7c9fd712,5f576a1c7f35351f7c9fd712
5f310877a901af046cd5f569,5f310877a901af046cd5f569
5f05beccf7def406fd64c59c,5f05beccf7def406fd64c59c
5c5421f1b7cf140001d327f8@email.prolific.co,5c5421f1b7cf140001d327f8
5ed80197e7cb0a12f7773770,5ed80197e7cb0a12f7773770
54468870fdf99b648b6a5c69,54468870fdf99b648b6a5c69
59efd2b3d838ae000185123a,59efd2b3d838ae000185123a
5c17c149f596b100011ca8b8,5c17c149f596b100011ca8b8
5e9f58de6ecd090f0a2805d4,5e9f58de6ecd090f0a2805d4
573b7b1967421f000e19125e,573b7b1967421f000e19125e
5f7366fe5b5261081e3d6fb8,5f7366fe5b5261081e3d6fb8
5ee8e74951a9512209f20ce5,5ee8e74951a9512209f20ce5
5faec601504c2b0580c9d366,5faec601504c2b0580c9d366
5fd386f4145ed907e028787b,5fd386f4145ed907e028787b
5f85f0cab3f4e20ebf578203,5f85f0cab3f4e20ebf578203
5f09aef4fc8e5a242b358420,5f09aef4fc8e5a242b358420
557d8066fdf99b4d58356037,557d8066fdf99b4d58356037
5fadd19ef4e32e1ed5fe2e89,5fadd19ef4e32e1ed5fe2e89
574c19047fd0ec0006b655ec,574c19047fd0ec0006b655ec
5e1aea2828c70232813e65de,5e1aea2828c70232813e65de
5e394c6546d3c11570e9f25d,5e394c6546d3c11570e9f25d
5c68606058b97400013b317d,5c68606058b97400013b317d
5fc0ddfbcfc57d00094c4b3d,5fc0ddfbcfc57d00094c4b3d
5c7d8eae92edb30015dc05b4,5c7d8eae92edb30015dc05b4
5e9da14442f41809eb155db4,5e9da14442f41809eb155db4
5fb7b496e6359338f16b26c6,5fb7b496e6359338f16b26c6
5c0239caecc5660001425c0239caecc5660001424ed6,5c0239caecc5660001424ed6
5f7ce746db6af11ae762fdda,5f7ce746db6af11ae762fdda
5f235c88d7c5b4117f9ba2fb,5f235c88d7c5b4117f9ba2fb
5c2a799737ae5200017c7712,5c2a799737ae5200017c7712
5ed0f2aa83f09c0008dd8b57,5ed0f2aa83f09c0008dd8b57
5fc7c25f97b7d6053d43cbb8,5fc7c25f97b7d6053d43cbb8
5f50efe49dd63f29776ce8d6,5f50efe49dd63f29776ce8d6
5f2acd4b53b8533a53c7bc89,5f2acd4b53b8533a53c7bc89
5f3c356f4cc7301d86e53d3f,5f3c356f4cc7301d86e53d3f
5fe110a22738afafb8109236,5fe110a22738afafb8109236
5f2ad10f2a2fc93c43768f1a,5f2ad10f2a2fc93c43768f1a
5e3ae3d6982d9f2f0cd17673,5e3ae3d6982d9f2f0cd17673
5edfcf340df8e52d464aca22,5edfcf340df8e52d464aca22
5c4fe78f8ac59200014cf239,5c4fe78f8ac59200014cf239
5fc8d1b43e9eb32a22d4da4d,5fc8d1b43e9eb32a22d4da4d
5fbced3eab1df21c3e926139,5fbced3eab1df21c3e926139
5ee60dc294223201e0ad64ed,5ee60dc294223201e0ad64ed
5e68b5323f1867000dd39a05,5e68b5323f1867000dd39a05
5fae94139e3e000514872491,5fae94139e3e000514872491
5ed2a142964c6521f76ce403,5ed2a142964c6521f76ce403
5fbd03cda09555000ab2c633,5fbd03cda09555000ab2c633
5c4f7b99b33a5300013dbfdd,5c4f7b99b33a5300013dbfdd
5fc7694c36033201e9defeb7,5fc7694c36033201e9defeb7
5dcd750828792003fc23dc39,5dcd750828792003fc23dc39
5ed95319fca394122b61438c,5ed95319fca394122b61438c
5fd556d754d9293bae892e6c,5fd556d754d9293bae892e6c
5d3a250e1ea0890001ad7243,5d3a250e1ea0890001ad7243
5fa3fc1158018305f9704a3c,5fa3fc1158018305f9704a3c
5f2821cb25deb5052ffe1ba9,5f2821cb25deb5052ffe1ba9
5e4bb75107f31c000ccd09c2,5e4bb75107f31c000ccd09c2
5ec1a76a903b335cae864ca8,5ec1a76a903b335cae864ca8
5fd516644ea46232010b8c9c,5fd516644ea46232010b8c9c
5ed77a8e65964c1f038f150e,5ed77a8e65964c1f038f150e
5da6c9f479d2ea0016002983,5da6c9f479d2ea0016002983
5c97b3456825d900019b9d61,5c97b3456825d900019b9d61
5e733ac1967453283629e2ea,5e733ac1967453283629e2ea
5f4056738318181904984b01,5f4056738318181904984b01
5f99e7c14c53720c56a220d0,5f99e7c14c53720c56a220d0
5bcf39c6bb4df80001296b2f,5bcf39c6bb4df80001296b2f
5e53f736c841413f360c7fc8,5e53f736c841413f360c7fc8
